node_modules-fbjs-lib-invariant.js,1632
node_modules-react-lib-ReactElement.js,11233
node_modules-object-assign-index.js,2108
node_modules-react-lib-reactProdInvariant.js,1236
node_modules-fbjs-lib-warning.js,2016
node_modules-fbjs-lib-emptyFunction.js,1085
node_modules-react-react.js,56
node_modules-react-lib-ReactBaseClasses.js,5436
node_modules-react-lib-ReactNoopUpdateQueue.js,3362
node_modules-react-lib-canDefineProperty.js,661
node_modules-fbjs-lib-emptyObject.js,458
node_modules-react-lib-ReactCurrentOwner.js,621
node_modules-react-lib-ReactElementSymbol.js,622
app-index.js,177
node_modules-purecss-build-pure-min.css,41
node_modules-style-loader-lib-urls.js,3008
node_modules-font-awesome-css-font-awesome.css,41
node_modules-react-lib-React.js,5078
node_modules-react-lib-lowPriorityWarning.js,2162
node_modules-react-lib-ReactChildren.js,6189
node_modules-react-lib-PooledClass.js,3356
node_modules-react-lib-traverseAllChildren.js,7030
node_modules-react-lib-getIteratorFn.js,1119
node_modules-react-lib-KeyEscapeUtils.js,1294
node_modules-react-lib-ReactDOMFactories.js,5481
node_modules-react-lib-ReactPropTypes.js,500
node_modules-prop-types-factory.js,890
node_modules-prop-types-factoryWithTypeCheckers.js,18600
node_modules-prop-types-lib-ReactPropTypesSecret.js,436
node_modules-prop-types-checkPropTypes.js,2935
node_modules-react-lib-ReactVersion.js,350
node_modules-react-lib-createClass.js,688
node_modules-create-react-class-factory.js,28376
node_modules-react-lib-onlyChild.js,1338
app-main.css,41
app-component.js,352
,28
node_modules-css-loader-lib-css-base.js,2260
node_modules-style-loader-lib-addStyles.js,8704
app-lazy.js,55
app-lazy.css,997
node_modules-css-loader!.-app-lazy.css,190
node_modules-css-loader!.-node_modules-purecss-build-pure-min.css,16621
node_modules-css-loader!.-node_modules-font-awesome-css-font-awesome.css,42041
node_modules-font-awesome-fonts-fontawesome-webfont.eot?v=4.7.0,69
node_modules-font-awesome-fonts-fontawesome-webfont.eot,69
node_modules-font-awesome-fonts-fontawesome-webfont.woff2?v=4.7.0,71
node_modules-font-awesome-fonts-fontawesome-webfont.woff?v=4.7.0,70
node_modules-font-awesome-fonts-fontawesome-webfont.ttf?v=4.7.0,69
node_modules-font-awesome-fonts-fontawesome-webfont.svg?v=4.7.0,69
node_modules-css-loader!.-app-main.css,319
app-logo.png,1117